id,x,y,z,type
0,0.0004232938405108414,0.000927162802406093,0.0008144814868220782,0
1,0.0008107921234616509,0.0009449433217561207,0.0005844438926640991,0
2,0.0008985171085888494,0.00023921243826087658,0.0007437909145234756,0
3,0.0008605919563823646,4.9852495945026166e-05,0.0006106241983725247,0
4,0.0003584452118496061,0.00016704158782633905,0.0001703349152942284,0
5,0.00010915247386234207,0.000996891974474461,0.0001285111699336452,0
6,0.0002586431392586849,0.00017770349085137184,0.0002756279851955014,0
7,0.000973450444169363,0.0004911905684463605,8.231864850642424e-06,0
8,0.0007636492090172608,0.0002537705050504767,0.00046879846308401995,0
9,0.0006544199691832976,0.000540624991977748,0.0007340755163101609,0
10,0.00019108656371566858,0.0009609545818905989,0.0008993723216266175,0
11,0.00014298291301960775,0.0006565572053461734,0.0008791779191631425,0
12,0.0004824314539794724,0.00042276144440874907,0.0005233431669798941,0
13,0.0009570247484262845,0.000528171602698642,0.0006556064056993789,0
14,0.0009675665006358047,0.0008663401924951237,0.000987773597568773,0
15,0.0004454932046033461,0.00011654682560388496,0.0001001253353605781,0
16,0.0008618589457273104,0.0007085209631377319,0.0007723583328165153,0
17,0.0008542580766894317,0.0005024024598601699,4.964441598756708e-05,0
18,0.000618127610921038,0.0004813127008518591,0.0005275248543359787,0
19,0.0007381629333258636,0.0003425327810710461,0.000583555343176917,0
20,3.9245942695437575e-05,0.0005300747152482084,0.00038787073573600517,0
21,0.0008055845007291496,0.0005367829207852328,0.00014527086819611236,0
22,0.0003553976912622601,7.875034583548212e-06,0.0003263354716985889,0
23,0.000532275201543863,2.922676107070088e-06,0.0002246802469793814,0
24,0.0004458939693133647,0.0009416288450725138,0.00021156279452704376,0
25,0.0006360644611348021,0.000775279975464179,0.0005627600865331788,0
26,0.0006058686970576367,0.00046732284459527083,0.0009352537687543078,0
27,3.067852170402863e-05,0.0009678447364653043,0.0006380935930473628,0
28,0.0008385635821986329,0.0005070273960801804,0.0006519974012162263,0
29,0.0009939312922972064,0.00053195915893226,9.83262865832798e-05,0
30,0.0009481936262514789,0.000960915280489085,0.0001017045739466268,0
31,0.000524869086253846,0.0009646114433200411,9.216425832823361e-05,0
32,0.0009398610894016274,8.56921211269972e-05,0.0007945102113794846,0
33,0.0001550380625704818,0.000986865101896475,0.00024364507100819823,0
34,0.0002227829486585331,0.00018605915876405589,0.0008937737768901489,0
35,9.291545346216024e-05,0.0003850557152418348,0.00035939510339278916,0
36,0.0007188036896547562,0.0005148391955563436,0.0006048287380444302,0
37,0.0005043671890212844,0.0004609756938755575,7.601047997972587e-05,0
38,7.492934179754563e-05,4.347423370185488e-05,0.0007606592923692582,0
39,0.00040457288847008756,0.00020900384145029828,0.0008835822507855435,0
40,0.0005975758010416712,3.530540530906046e-05,0.0009050989660670483,0
41,0.0002069772046338547,0.0003439715432865278,0.0009887379774485418,0
42,0.0005591180403399896,0.00043013580115460593,0.0002769250115220158,0
43,0.0008610553600064638,0.00014288176912123009,0.00022159211661514333,0
44,0.0003675813704553167,0.00016022023167260326,0.0006887950526896051,0
45,0.000312480764635218,0.0006282921843615447,0.0007588553104546288,0
46,0.000597293723837062,0.0003960652490164254,0.0007600920640882801,0
47,0.0007599050742669637,0.000829278490693661,0.0002531108858583422,0
48,0.00028581883274730625,0.0006433709542065364,0.00020759371821840356,0
49,0.0005460630448643243,0.0001991039157312564,0.000971828857522262,0
50,0.0003712926764540585,0.000824285550093833,0.0009679312494054274,0
51,0.0007410375180037825,0.0009350924603268013,0.00042052724023580935,0
52,0.0006163399047518581,2.1357584008708352e-05,0.00023380261754134136,0
53,0.0006450484989224934,0.0007364558876364201,0.00016992519863618007,0
54,0.0008071478552237893,0.0007125331326003358,0.0003004998793387799,0
55,0.00022729529245618942,0.0008448390600453624,0.00010319641525911939,0
56,0.0006409519819396288,0.0009654125428635636,7.536025366231635e-05,0
57,0.00016606671068731705,0.0002923923591600883,0.000985309143476615,0
58,0.0006886734754837747,0.0002764821018298095,0.0004123324277884409,0
59,0.0004091104498638342,0.0002348838013818606,0.00019674154359832752,0
60,0.00029532003974118827,0.0006370615249738952,0.0003908757169142606,0
61,0.00016983064326579224,0.0002948734726464397,0.0005624073782267391,0
62,0.0009767305251198884,0.0006864747467059664,0.0006563001542764886,0
63,0.00045786854976027105,0.00025541241821481174,0.00021844904460292824,0
64,0.0009358006319429172,0.0006755562997259146,0.0006789160792106388,0
65,0.0005750407481060765,0.00013529670517063797,0.0008765831740864987,0
66,0.0009592541154053279,0.000498655683682741,0.000663220994618027,0
67,0.00032455006372130655,0.0006445486919657532,0.0009814619633370535,0
68,0.000875151292967568,0.0007650496976776193,0.000743205994463891,0
69,0.0009729144250001905,0.0001816186018023066,0.0005397207281099704,0
70,0.00033229908434468725,0.00028418110370742724,0.0004100444627634339,0
71,0.0008095882640193508,0.0005523001124900474,0.00027646596807417414,0
72,0.00014603742024116184,0.0006158759607218573,0.0005746622599917877,0
73,0.00016443716183446434,0.000656468477380049,0.0005425529591369396,0
74,0.0008240088777504233,0.0007820107566310145,0.0006621349267882725,0
75,0.00026125411530198274,0.00017386810652464602,0.000781001467883192,0
76,2.635590637669727e-05,0.0006320103660592459,0.0002339425762456834,0
77,0.00028590507562946534,0.0009977826219213482,0.0005751688203213507,0
78,0.0005275987346255736,0.00020100308815583102,0.00022709416811936124,0
79,5.262057139882948e-05,0.00045307332608770666,0.0009755078955660367,0
80,0.0006817340262392833,0.0009715168339950893,0.0009416042203597918,0
81,0.0002639612709243808,0.00032118583176912773,0.0009695815389397026,0
82,0.0002830724508111432,0.0005348325697754443,0.00038326626836028446,0
83,9.706155099109681e-05,0.0008392770892149704,0.0006559832546826928,0
84,0.0007440712831223327,0.00024010493178523717,0.000793641525975685,0
85,0.00028202620855094783,0.00044821108660370035,7.055232773160536e-05,0
86,0.00012491778050355295,6.90441390769293e-05,0.0006665827515173113,0
87,0.0003589218020261682,0.0008233005768971064,0.0009645853440239942,0
88,0.0008832301325654383,0.0007456410774927554,8.97381354019512e-05,0
89,9.182097826945057e-05,0.0009929710366671674,0.0006215217988822464,0
90,0.0008912615328585544,7.682212183749681e-05,0.0005701482784828459,0
91,0.0007319477498260746,0.00010098058226951002,0.0007408255203823933,0
92,0.0003659182881898744,0.0006530404844437288,0.0009821030840004462,0
93,0.0004874410015995596,9.834573478620768e-05,0.0007006975600615938,0
94,0.0007099588951873049,0.0002817814508911286,0.0006778328795023473,0
95,0.00019122529811975154,0.0001438429947701978,0.0008382215985613915,0
96,0.00039447089183637673,0.00045870099960676247,0.0005866605432127661,0
97,0.0008727608232136292,0.00027668739710759194,0.0003652203583745527,0
98,0.0009761100747990539,2.9506864837595904e-05,0.0005838906929852884,0
99,0.000785082489787007,0.000754868180450093,0.0001721622000722982,0
100,0.00031883742140917127,0.0004680193940872468,0.0004672566317971071,0
101,0.00039467432781418587,0.0006694602025980636,0.0005559541241870766,0
102,0.00044531474011242646,0.00036434988753633303,0.0008578870902581377,0
103,0.0009860782445066962,0.0004532975779697771,0.00034011037697399414,0
104,0.000345373994244265,0.0005246525860862398,0.0006120198363590983,0
105,0.0001237022925216833,0.0006881649212541682,0.0009143129144900348,0
106,5.79704410991696e-05,9.148001366537406e-05,0.0004443095952548122,0
107,0.00045900112458985775,0.000769409927785618,0.0008275257431578037,0
108,0.0008178052992732738,0.00039603018526129086,0.0009096351302037332,0
109,0.00015113253007875116,0.0008688733574532802,0.0006334097687281451,0
110,0.0009609836048427907,0.0006274425575322463,0.000912100413094366,0
111,0.00022937501964649098,0.000804438089759858,0.0001949693618791023,0
112,0.0005382134369475926,0.00016082261491253525,0.0006668690388422224,0
113,0.00044020211665630625,0.0002129152445474758,0.0009586089934961241,0
114,0.0009147497380631933,0.00036005309657628873,0.0002107035770978365,0
115,9.253856228137813e-05,0.0006605323109518914,0.0008526305425593755,0
116,2.8895662249932007e-05,0.0004871708922211079,0.00046627609296458905,0
117,0.0003359361053253909,0.0009093696964850206,0.00026733280139040093,0
118,0.0007682063194703031,0.00035834771851290815,0.00012150963419769855,0
119,0.0006121774281567843,0.0004928652447147559,0.0008555763499298226,0
120,0.000991217672475612,0.0009036864722716349,0.0007290125501994538,0
121,0.0005883291171171152,0.0004475192708043769,0.0005482236834351417,0
122,0.0009655618300274184,0.0004772620398187675,5.261039163499737e-06,0
123,0.00015315360101129472,0.0005216463695057826,0.0006458450147036961,0
124,4.845446726068703e-05,0.00039558266153860765,0.0008936206285867539,0
125,0.0004511022465760305,2.937380181794458e-06,0.0008342469977763554,0
126,0.00022871108768177174,0.00011427047299384552,0.0007048562729683129,0
127,0.0003957669042246963,0.0009235598287459918,0.0005762705700726621,0
128,0.00042930935125194057,0.0002116864848393175,0.00025085109458750245,0
129,0.0009334719472615976,0.0008407215509903988,0.0009085971747378623,0
130,0.000831122664481636,0.00015184198734174314,0.0009638320145422875,0
131,0.0004901731781312747,0.0008718237496939124,0.0008035048390333532,0
132,0.0003484911851973641,0.0002090849755064922,0.0009611369944642359,0
133,4.5882968440264294e-05,0.0009226591409361356,0.0008122389783137544,0
134,0.0004613677326168679,0.0004099477273960401,0.0003271172950635316,0
135,0.0007314591942510033,0.0003338732932091015,0.0006312573601800225,0
136,0.0007144551299502607,0.0001224179185071277,0.00020786735061668692,0
137,0.0007951393889983611,2.1339748667836388e-05,0.00017115151612029865,0
138,0.0005477450748423194,1.7236196235464797e-05,0.0002997011056927912,0
139,0.0003088623725690114,0.00010767006124099877,0.0006482933538009289,0
140,0.00047135202162320645,0.000517543086159629,0.000584879457191407,0
141,0.0005270247449064605,0.000847769806447198,0.0008895611386716715,0
142,0.0006632059663048507,0.0009614540453617752,0.0006107440237529526,0
143,0.0004945497700402103,0.0009540010827449199,0.0003011326481952501,0
144,0.0006959683801493435,0.0008414466450156359,0.0005037119524039206,0
145,0.0007426648384709485,0.0001820366827529335,0.00068502547179024,0
146,0.0006068749565181981,0.0005454834794234159,0.0009612269852478424,0
147,0.0009245891032054516,0.0003294273991591442,4.955371480405313e-05,0
148,0.0008449163988625098,0.0002536961368305495,0.000957174175005551,0
149,0.0006548265841221063,3.667306442865304e-05,0.0006688072843998213,0
150,0.0003841405838299521,0.00018899670916785305,0.00018382109370567224,0
151,0.00018182426248700167,0.0002594918282745011,0.0003457029922784999,0
152,0.0005964994666971121,0.00012410323496355968,0.0003367740458749436,0
153,0.0007542727065963443,0.0007372326217439609,9.936862795723844e-05,0
154,0.0009535653407260962,0.000702984306572039,0.0007270888578706354,0
155,2.3234993295718763e-06,0.00031769221697947823,0.0009401430809276764,0
156,0.0009386833239215047,0.0007589230532857105,0.00010905873742451067,0
157,0.0006205245882843378,0.0004610416917962914,6.921970540257271e-05,0
158,0.0005470554109893845,0.0008805255238831316,0.00011335075743276102,0
159,0.0007188539338798913,0.0007076936953661899,0.0005910558880452319,0
160,0.00014413336462771543,0.0009787617659658219,7.446971271958147e-06,0
161,0.0009691381056817558,0.000936107877351444,0.0007199079105725612,0
162,0.00013387415657245693,0.000748040120129739,0.0009201397659687421,0
163,0.00016977004630465043,3.650222474205722e-05,0.0007348032481442119,0
164,0.000890210243976322,0.0006546951348976648,0.0006423312197295432,0
165,0.0008115754320019222,0.00027578282794800505,0.00044136259773149,0
166,0.0007192960558967816,0.0008030414368735364,0.0008632742214973144,0
167,0.0001297702754523755,0.000929545200894416,0.0008920389585128717,0
168,0.0004570644173819137,0.0009275872931360427,0.0005002464981969446,0
169,0.0008769514025084097,0.00041096593518749413,0.0009084476204399984,0
170,0.0008513936387058558,0.0007040717071918145,0.00067162979680474,0
171,0.0001354872958851999,0.00048619987155416324,0.00018056503212309893,0
172,0.0006252496010906319,0.00042363802617690217,0.0006230315916970764,0
173,0.0004964667089429502,0.0006316430506381101,0.00031567186493890523,0
174,0.0002789033935785659,0.00024030208622840543,0.0005037734873263689,0
175,0.0008074444608331409,0.0003816575679095896,0.000573408540553642,0
176,0.0008611201054201326,0.00014836609589106897,0.0005182553217162358,0
177,0.0009434412474608035,0.0008310009671562503,0.0003756675941065475,0
178,0.00024852873326174454,0.0005379648814469704,0.0009140319342617617,0
179,0.0001825331341242996,0.000989940856383102,0.0008356608980981355,0
180,0.0004698725445136374,0.000524288351682133,0.0007312528283002966,0
181,0.0001618057058139343,0.00045567801181748725,0.0006431492562927203,0
182,0.00017764420354236587,0.0006078659585109884,0.0007535153204199141,0
183,0.00019435325101824485,0.00010826475283162873,0.0005630311431289304,0
184,0.0007254473052407934,0.000874898314509904,0.00014082910208187038,0
185,4.210781781100947e-05,0.0001229604126503706,0.0004148465954796823,0
186,0.0004922123477107222,0.0003026596513640948,0.0002965240546898311,0
187,0.00019341984187044503,0.0005655184125913782,0.00023427432695453043,0
188,0.0009011814603357605,0.0005942060504883422,0.00034998035475647095,0
189,0.0007171055409853378,0.0006797610855597192,0.00012906722104322034,0
190,0.0003824598972533567,0.0009543227257724268,0.0008960516386128971,0
191,0.000376855427565271,2.597858694863842e-07,0.0003241087782890206,0
192,0.0007329663297628996,0.0005438357559145934,0.0006946323963019524,0
193,1.9505258382763292e-05,0.0009614073008946071,0.000757609028221133,0
194,7.951342708850284e-05,0.0004447112628622382,0.00022146495962621315,0
195,9.192909799090099e-05,0.000838054968878065,0.0002572856274102624,0
196,0.0008061863825568241,0.0001472980870500228,0.00044207428928834424,0
197,0.00036983788617403924,0.00040407241968137895,0.0005022308137673447,0
198,0.0003340223003538624,7.290011082083925e-05,0.00041678524205447545,0
199,0.0009540067199723339,0.0009981286153021558,0.00020234358719409896,0
200,0.0008666598548420532,0.00032550331136853473,0.0003582229831229028,0
201,0.0002628258676683333,0.0002409370881455325,0.0008698448004797007,0
202,0.0008579052842553914,0.00042252212968473126,0.00029957735601307913,0
203,0.00021294935952721728,0.0002774025827186254,0.0007427410798548761,0
204,0.0009622199417074898,0.0003010434155303743,0.0005619989210159306,0
205,0.00042449465744350803,0.0007794829551931378,0.00035490119385490914,0
206,4.196061476866275e-05,0.0001397246382474242,0.0005573994112734235,0
207,6.947343201037015e-05,0.000654012364974328,0.000702003128902682,0
208,0.00017204886742253512,0.00087349663315411,0.0003567311636473323,0
209,0.00022170179421576088,0.0007611197161838879,0.00020654626488674166,0
210,0.00051260329961281,0.000273181786626867,0.00019265627901290228,0
211,1.703549493382095e-05,0.0008274136543230215,0.0004044105674747762,0
212,0.0005721916985000306,0.0006500573039290998,0.0006961307521890023,0
213,0.0006379241084972051,0.0009727278277872973,0.0008114825332861448,0
214,0.00034870127534520116,0.000496391858599676,0.0002983756890531163,0
215,5.099847182467565e-05,0.0003230617977445352,0.0004726827378298156,0
216,0.0008452333161671229,0.0007431629764196882,0.00078816409846642,0
217,7.141256388446094e-06,0.0005893946383594134,0.0005816884643450895,0
218,1.9006833582077886e-05,0.0004023071806875674,0.0008138162236184224,0
219,0.000904310371787834,0.0003783057929756175,0.0006758165793064081,0
220,0.0006263087589475872,7.84389753867778e-05,8.277948992764395e-05,0
221,0.0004939608028040083,0.0006832884930970929,0.0002998894856854827,0
222,0.00013900712122887616,0.0005093578683138303,0.0004608655350312829,0
223,5.345231029013875e-05,0.000667080445470373,3.0672100913755055e-05,0
224,0.0008140701677652043,4.566553732389078e-05,0.00036939894514127525,0
225,0.000908340785166165,0.0005051106438440414,0.00029068706386913267,0
226,0.00018876040036693243,0.0007236391928650594,0.00038390902633390304,0
227,0.0007638230561963736,0.0009340389048504213,0.00043919409020317556,0
228,0.0002350199250564433,0.0005021202083322728,0.00040739166329197674,0
229,3.6618385064820735e-05,0.0005682416664493425,0.00046658303436431013,0
230,0.0007950305315235771,0.0005682459868933267,0.0005858489502896129,0
231,0.00021809750198027822,0.0005859309714327574,0.0004352949642786317,0
232,0.00036639201356148364,0.0006785332647847247,3.2403655331241565e-05,0
233,0.0003508527546311953,0.00019366356886087467,0.0009732976142413115,0
234,0.0006821670555729103,0.0005254982357741053,0.0001655704160861552,0
235,0.0004752614906742908,0.0003880055352932086,0.0002401371670739233,0
236,4.7746802562630977e-05,0.0006390259449447754,0.00028372613891832757,0
237,0.0004426758454337801,1.7379522085772093e-05,0.0001308433331769151,0
238,0.0006757911151679896,0.0008905999306473122,0.0003277583263787959,0
239,0.0009165941674782793,0.00018635092623131832,4.054292609188681e-05,0
240,6.860887720937326e-05,0.0006368031165134803,0.0004080032762284863,0
241,0.0004376163813770212,0.0008941993087840128,0.0008089183732309598,0
242,0.0007813905024048629,0.0009389587938949103,0.00042454573770589065,0
243,0.00011345836684238253,0.00033670552587709504,1.213088912386584e-05,0
244,0.0005389092383778053,0.00043174527562206443,3.272734583534398e-05,0
245,0.0007048926765851723,0.000307490791508499,0.0003839370630572544,0
246,0.0004069438021644852,0.00010410675091667721,0.0008648447797181103,0
247,0.0006153824221638937,0.0004061977926078893,9.06948492951406e-05,0
248,0.00022747373182142484,0.00016672020029141234,0.00028436243537503683,0
249,0.00045448330625288936,0.00023309683826526462,0.0004857009867980472,0
250,0.00019790221677185894,0.0005528059505602047,1.040657751227958e-05,0
251,0.0001247816561104257,0.0001105362698833191,0.0006078827226017792,0
252,0.0008553729587517375,0.0005988167355499019,0.0008922340535297518,0
253,0.00031236254471594873,0.0008908344297117203,0.0009758932228161338,0
254,0.0009914423477719264,0.0002062847575516843,0.0007430422847785053,0
255,0.0007466419936669493,0.0002845706812804698,0.0008066670856206109,0
256,7.73255931739788e-05,0.0009780597335185743,0.0008037313932220466,0
257,0.0008692969858498794,0.00012681815160799537,0.0002973612261632097,0
258,0.0003089748820376127,0.0008963915934059745,0.0005224223019181097,0
259,0.0007058190586870116,0.0004864170627749286,0.0003193676053322164,0
260,0.0008479176218370124,0.0005500387262155085,0.0001242749914413992,0
261,0.0009525397441697129,0.0007509082563262429,1.2137017699189734e-05,0
262,1.9800457665225535e-05,0.00021092954484381088,0.0009421480718835776,0
263,0.00035239224048355677,0.0009595418643554664,0.0006270841668779163,0
264,0.0008334188414334847,0.000848442254048036,5.751939120365779e-05,0
265,0.000909904742483389,0.0006758373008945058,0.0005381572571682053,0
266,0.0006969072924912775,0.00039345431637122897,0.0004645587914993492,0
267,0.0006234467827490732,0.0009871679984138682,0.0004519504356368161,0
268,0.0003722152581086291,0.0002658425503563998,0.0007264555532893941,0
269,0.0008128164152439062,0.0006862533150398885,0.000792751634752738,0
270,0.00016490765379574446,0.00026264431213703787,0.0008101216795703736,0
271,0.000168721211549154,0.000519111857187906,0.0007274796011533845,0
272,0.0007652038700610694,3.929652920517945e-05,0.0007872988234340637,0
273,0.0005971614358734414,0.0009561892488506008,0.00045972250998858557,0
274,0.0008358270894750833,0.00033133475089771605,0.00017393125166042313,0
275,0.0009601257425379669,0.00035949097073367873,0.0003100995416382645,0
276,7.942171801824771e-05,0.0007147490059761924,0.00024387206832091857,0
277,0.0005990528980941631,0.0008909674379464526,0.0004353209742287306,0
278,0.000867801963971731,0.0003333236447999334,0.0004842086426595715,0
279,0.00017953021162777784,0.0006297849866929412,0.0006339371126711891,0
280,0.0003124923105555828,0.0007879555724762237,0.0003553856834244843,0
281,0.00022430143987012963,0.000475038961192147,0.0007565234178954987,0
282,0.0006795221570667432,0.000823532181522675,0.00020284854106196148,0
283,6.670437269533247e-05,0.0006577997634684046,0.0006821608237264434,0
284,0.00030824801645997445,0.00027328620021559,0.0006350975333525366,0
285,0.0008326089668751831,0.00034414493508215917,0.0008063065628886748,0
286,0.000517082046879898,0.00039701241984567404,0.0004997306928838167,0
287,0.000489138817429754,8.911537052811058e-05,0.00025099737723302627,0
288,5.3916995788258705e-05,0.00020861822064501735,0.0008414243973728845,0
289,0.0002409229129442382,0.00024281685421062327,0.0004707589558093761,0
290,0.0009516770860714122,0.0005304718318186577,0.000990284051370833,0
291,0.0003536454939001594,0.0005516729890208164,3.248679348682415e-05,0
292,0.0004996756539026889,0.0009844754278354826,0.0009494986965339226,0
293,0.00027239014309414066,0.0009576453940178253,0.000359566880871076,0
294,0.0008452415619512495,0.00045328132987909457,0.0007826483722429969,0
295,0.0005745647321309161,0.00036710583106769226,0.00024390758753177366,0
296,0.00042076985988623685,0.0009506335003592662,0.0002770504136787376,0
297,0.000450371763267708,0.000356987743867364,0.0008068958090194146,0
298,0.0007705612054839938,0.0004694038985834497,0.00025980644301484124,0
299,0.00016312510965964434,0.0002573523201511907,0.0005340590004211135,0
300,0.00014350294219186565,0.0008871897247198772,0.0008869053165082972,0
301,0.0004926239136980684,0.000591338293740511,0.0008238528015389747,0
302,0.0004952302268007595,0.00026901256879606196,0.00031157761670793163,0
303,8.285823003039116e-05,0.00033714949310252617,0.0002299004794245,0
304,0.00014006103855947538,0.0007791771588013892,0.0006106261907025788,0
305,0.0006627870818282177,0.00078518847682429,0.0006920853509032645,0
306,0.0004883843052086459,0.00012874538658682677,0.0008426911309585929,0
307,0.0004357892461382074,0.0007789989769708902,0.0003925712704659958,0
308,7.547662804954857e-05,0.0002101682924516416,0.00019034395082225252,0
309,0.0002938740282023381,0.00030144012890855564,0.0006117300803008132,0
310,0.0007323427554406683,0.0009082716364877069,0.0005511245118989529,0
311,0.0006087859142263414,0.0005299462832077255,3.6379973331175707e-05,0
312,0.0006313110840146949,0.0008476664593115682,0.0003315290042907524,0
313,0.0007682860587739849,0.0006431596725778317,0.0005209386484573326,0
314,0.000291019422180698,0.0003615712698420218,0.0006509624872908294,0
315,0.00036211598759832385,0.00036483633097922455,0.00014787246577231084,0
316,0.00022861342024219856,0.00028778536814372604,0.0006740644950251722,0
317,0.0003586899634212969,0.00047624949231272296,0.0009373802390521678,0
318,0.000844700318599885,0.0001234741299445742,0.0007825490913090421,0
319,0.0009971899798135065,0.00042233973778691114,0.00047098309783019643,0
320,0.0005360308209403734,0.0004187158556537669,0.00023727348060211583,0
321,0.000578906270239502,2.476876228159264e-05,0.0004719274923794049,0
322,0.0003048118828186671,0.00088206520238931,0.0006758818479615776,0
323,0.00083406157083122,0.0008654103110898492,3.600710775980898e-05,0
324,0.0006169908213748607,0.0008926271644059873,0.0002880931016229762,0
325,0.000753090581981946,0.0002494371365372778,0.00032330687402582923,0
326,0.0009965905586974849,0.000459549050311306,0.00035042650463684553,0
327,3.1590235379691745e-05,0.000933592709321924,0.00022918733570920848,0
328,0.00015853678795754844,0.0009087836703160821,0.0007248762162619557,0
329,0.00015311738451883106,0.0009389864152077817,0.0006630163767025463,0
330,0.0009475943535262565,0.00023625659567543068,0.0007633739199801031,0
331,0.0003738423234973595,0.0006993712183822485,0.0009498836625853375,0
332,0.00042618994056819803,0.0006151773349963984,0.0005235654000998381,0
333,0.000402141753331508,0.0002510577292204989,0.0008662900125467745,0
334,0.0007054804947172591,0.00044113642532517917,0.0005442195397398046,0
335,9.154294176244571e-05,0.0002966354823114565,0.0005908147282671835,0
336,0.0001377317069026456,0.00018753963370635174,0.0005613316897415844,0
337,0.0005633993168070855,0.0005840107221491518,2.9128782785353803e-05,0
338,0.0006495362870594382,0.0004364144313670404,2.146162518396355e-05,0
339,0.000250638122243123,0.00046059664810231494,0.00021424780864251047,0
340,0.0007788003404460411,0.0008855383811657468,4.197318940819539e-07,0
341,0.000600909096920846,0.0009716882999632092,0.0009313253362198989,0
342,2.5046475615257526e-05,0.0007908064005299422,0.0005494362668955951,0
343,9.911809970534813e-05,0.0009754741145121957,0.0005293103767366388,0
344,0.00015596990125424782,0.00022564146812356124,0.0008319271147430525,0
345,8.122135882458915e-06,0.0002467745454708488,0.000582055171451939,0
346,0.0009791257008025282,0.0001241052163406049,0.0006176075849259133,0
347,0.000980432055323854,0.0007087579581084162,0.00032950057568098724,0
348,0.0004981686514059902,0.0007131933442335181,0.000745575014521137,0
349,0.0006599404069406341,0.00040088700757674967,0.0009562931298879669,0
350,0.0007298822190365098,0.0003973645205770802,0.0006867408053126031,0
351,0.00029824245743951205,0.0006272624320290591,0.0009034650833309923,0
352,0.0006632051135635305,0.000481177832544775,0.000538765070821529,0
353,0.0003850079146963998,0.0008835477567925842,0.0006181840709712849,0
354,0.0007566294987887822,0.0004952810811430393,0.0008097304149069281,0
355,0.0002586630501075402,0.0007299500110883936,0.00023610214582486734,0
356,0.0008301190942765455,0.0009604021164905557,0.0008858769317456115,0
357,0.00029387917345905125,0.00029654340217418075,0.0009191650207945119,0
358,0.000641164237567578,0.0004545485600089437,0.00024410023840707086,0
359,0.0003831315733619609,0.0009997365413343187,0.0005048131622511623,0
360,0.0009599604774423029,0.0008319882827611562,0.0005084079903606255,0
361,0.0009747244801364353,0.00016672402123923459,0.00039018854738074525,0
362,0.00046280903437068523,0.0003073896658364597,0.0003252668692693688,0
363,0.00014246386626468345,0.00043708058659073167,0.0006418093164437051,0
364,0.0002986026775871561,0.0006342862801733347,0.0008904726273674543,0
365,0.00016697801853423667,0.0006588101680185977,0.0009030295691937155,0
366,0.0001183307320089797,0.000977542534100553,0.000613534077484844,0
367,0.0006784355115765802,0.0001010263514885772,0.00051033601323072,0
368,0.0002323405950491687,0.0008735433585523352,0.0004645854551535096,0
369,0.0006627236100288935,0.0006339572964587652,0.000774031894511088,0
370,0.0005401457815080104,0.0005334358115215751,0.0007835339047701428,0
371,0.0005345782915666461,0.0007069908121316631,0.00017991841712253353,0
372,0.0006609486369955652,0.0008909573113321829,0.0007484508870317011,0
373,0.0005697911717600023,0.0005392329244570846,0.0009185116483411726,0
374,0.0009200725558844098,0.000441945680932328,0.0007067378687352474,0
375,0.0005513879500905699,0.0007536801300817764,0.0008379057221090057,0
376,0.0006543931745623641,2.9962046522687746e-05,0.0003427340938788778,0
377,5.535205963190826e-05,0.00036633156272555903,0.00017107873782934123,0
378,0.0009434080962348734,0.0006044467714443049,0.0002768741706812462,0
379,0.000612425433372067,0.0009514820068866871,0.0002943534965799295,0
380,0.0008743801068791437,0.0009990098520829967,0.00013778094200577785,0
381,0.0004376240772678036,0.0007411751958824444,0.00023591377217679744,0
382,0.0004445106443235265,0.00023162791323833953,0.0004717839771053205,0
383,0.0005939543130997952,0.00045050711387168395,0.00023358756345359698,0
384,0.0005470182245230795,0.00011817058911819844,0.00039548172155877214,0
385,0.0008245087571306742,0.0009437428123425296,5.923090440591761e-05,0
386,0.0008372485207876355,3.761193934264784e-05,1.4049860711753849e-05,0
387,0.0003363919648054741,0.0002928059283045382,9.005099637975444e-05,0
388,0.00012034812532479756,0.0007348082940607127,7.365538272791472e-05,0
389,0.0004032242105391575,0.0005665842425608455,0.0007043237841555442,0
390,0.0001473410725254709,0.000770591279821067,0.00017441497024684038,0
391,0.0001936605116375393,0.0006020962026809193,0.0006795641286132256,0
392,0.0004909593425576334,0.000579692076099727,0.000243910891856435,0
393,0.0005998236518149998,0.000452394396815737,0.0004913490226460944,0
394,0.00019750650034687856,0.0007933981625468799,0.0005340153246534362,0
395,0.0003234264147770207,0.0007823666968922269,0.0007917195872077244,0
396,0.00020476570917567406,0.0008611567686214914,0.0003960818837377842,0
397,0.0009478938440026232,0.0009063335272033751,0.0002455194732880021,0
398,0.00017402243685050566,0.0003718850328473129,0.0007533744442616594,0
399,0.00013182720208796927,3.895528542587068e-05,0.00025326952695715335,0
400,0.0009950920123137723,9.41154180945385e-05,3.7519813677214464e-05,0
401,0.0006917495765918017,0.0009275965233776996,0.0007123059500195734,0
402,0.0007069034195195713,0.0008688484786267087,0.00033316335452263204,0
403,0.0005885633385248159,9.819916299485565e-05,0.0008713475489076549,0
404,0.0001250516140709098,0.0009278697505789499,0.0008372337343181841,0
405,0.000379647019331547,0.0009488826630883296,0.0002743133683537287,0
406,0.00038490973745361056,0.00014054885224849622,8.720414380493869e-05,0
407,5.732381575894352e-05,0.000731989384064681,0.0005871346711964342,0
408,0.0008936465964873123,0.0006176239602875395,0.00086588079119521,0
409,4.785238214564658e-05,1.2094457754504906e-05,0.00017391393291370393,0
410,5.8651606667798007e-05,0.0006213400659938741,0.0007117390562449813,0
411,0.0008606423500030227,0.00027509459154330894,0.0004346453771199449,0
412,0.00042114378181610135,0.0006020460835375575,0.0007153404532016689,0
413,0.0007966839576602224,0.0006932710341200098,0.000688715545389202,0
414,0.0009903654675062145,0.0003487691956423522,0.0007057521586482479,0
415,0.00014688082050378815,0.0002697393590450209,0.00028511123413524554,0
416,0.0005111688250330099,0.0008998622733034027,0.0007344882798222352,0
417,0.0009485273741645637,0.0007448972596376121,0.0005275565987335663,0
418,0.0007041942329982363,0.0009843428627690695,0.0008635358360766785,0
419,0.0006136314847643317,0.0006532313711034203,0.000515290738762511,0
420,0.0006155897484744207,0.0003524305553721069,0.0001581874724691723,0
421,0.0008886951088441135,0.0007071115277793875,0.0008406180072609247,0
422,0.0004945140512975457,0.00037719213632356007,0.0007158900214712761,0
423,0.0002253275075446517,0.0002570384219857995,9.537463154816106e-05,0
424,0.0007924062928923772,0.00023080287196748073,0.0008015907708868689,0
425,0.0004745579157860686,0.0005236778623059576,0.0009004654186147392,0
426,0.0005797271400067479,0.00011487335043903025,3.321814003505419e-05,0
427,0.0006614135640717801,0.0008192661129047699,0.0004173816994311996,0
428,0.0004821631724469808,5.860712603547225e-05,0.000375476605102273,0
429,0.0005675930511676935,0.0009718692053564435,0.00015092458079001936,0
430,0.0001995723654838677,5.8942131912625984e-05,0.0006995214338829787,0
431,0.0003847275981764313,0.00025365362763582954,0.0006601145680717021,0
432,0.0006691873245839915,9.28773631971358e-05,0.0007187897796404239,0
433,0.00044575712785740627,0.00010702265529315214,0.00033687304112903574,0
434,0.0007638271481086479,0.0007310457732435019,0.0004982811437255389,0
435,0.0005224751382263733,0.0003100136632009748,0.0006716675139570799,0
436,0.0004772055794031829,0.00015211974356511693,0.000961241865373153,0
437,0.0005824677566485998,0.00010071716656495888,0.0009204462259524334,0
438,0.00034141083265268936,0.0009886873343069545,0.0006363137404533499,0
439,0.00033053399899146685,0.0005897528301727339,1.6221003757833641e-06,0
440,0.00010310722436887854,0.00030100385738450475,0.0004881711618375726,0
441,0.0002302521447373972,0.0005987659624544103,0.00032241462386902765,0
442,0.0008624410002386985,0.000312866429792962,0.0007658514168720274,0
443,6.009409446779246e-05,0.0007837232973373617,0.0005603148400744882,0
444,7.184478758740897e-05,0.000780973691989892,0.0009954126408173228,0
445,0.0006940253270191621,0.0004032433510673564,0.0005138594462573572,0
446,0.0009464755998333165,0.00027410845258314155,0.00022813594874486666,0
447,0.000779856168040804,0.0006360333352261393,9.406439643823905e-05,0
448,3.90761628643721e-06,0.0008323146872464324,0.00079137634851415,0
449,0.00041354414190177956,0.0004746190444906137,0.0004499861857724076,0
450,0.0001413675112284435,0.0007970515786884514,0.00053438101566546,0
451,0.0002281381451204444,0.00041480295238502076,0.0009044443389747517,0
452,0.0002786694657230223,0.0007925944224383316,0.0004994030585767227,0
453,8.888541832392516e-07,0.00042810052285468094,0.0005852430734824208,0
454,0.00013134796746115185,0.00041491255438315833,9.119314774113219e-05,0
455,0.000362148492610941,0.00045901327084493473,0.000800384269788348,0
456,0.00012623407917623853,0.00036407666239343694,0.000521287392670958,0
457,0.0005834385568924299,8.910345861996682e-05,0.00031373718351475035,0
458,0.0007290839963064078,0.000704849183906668,0.0008791623514747457,0
459,0.0008722961490784803,0.0008958589835210975,0.00043220450285809853,0
460,0.0005754439493082497,0.00018353311113892412,0.0007058901636099975,0
461,0.0009330145908018727,0.0002673188730256595,0.00023388062965034052,0
462,0.0006658261768154347,0.0008715192998902293,0.0004194051615898732,0
463,0.0009570474406867183,0.000773107067234158,0.00036777195999476833,0
464,0.0005901106027987177,0.0006506913976948434,0.0002157809160987796,0
465,0.0009161527206515106,0.00099068315867752,0.0006007110249874508,0
466,0.0008493555577477724,0.0005503176685674282,0.0007629115164918749,0
467,0.000578137006849514,0.0003199017549504962,0.0006517523814482642,0
468,0.0005390342319517384,1.5368252115551817e-06,0.0009482753656146625,0
469,0.00019507429396624566,0.00034630686256964315,0.00039847768041341956,0
470,0.00035317287718077405,0.000501232466858233,0.00048709537448780307,0
471,0.0005404108224566418,0.00031145046014611653,0.0004503817582934142,0
472,0.0001703035036778775,0.000342826451799236,0.0002572624300837888,0
473,0.0008882944315361663,0.0009902313564874384,0.00016970589307565198,0
474,0.0003918652579679421,0.0009250525414626575,0.0008866399366585481,0
475,0.0009061165127878684,0.0004706001617628031,0.0008923243778263595,0
476,0.0006064155094120046,0.0009342331780600277,0.0008745594813077158,0
477,0.0006710417578361565,0.00046823075838295006,0.0009999123002606763,0
478,0.00019516070249776595,0.0008360336995862805,0.0009467331085755137,0
479,0.0006492060710067782,0.00025187339032783153,0.000449817170347485,0
480,9.78313991984341e-05,0.0008198164779198061,0.0005717441116907415,0
481,0.0009432267004896008,0.0008818682926846422,6.447667664128376e-05,0
482,5.5749317087767756e-05,0.0005505989048585784,0.0009865842694013647,0
483,0.0004155799409153008,0.0005874946843811202,0.00010876879974856547,0
484,0.0002315334487246671,2.491238195796697e-05,7.356591710719596e-05,0
485,0.0003509688868703693,0.0008751547927389222,0.00041216779213560495,0
486,0.0007159695632157056,0.00044746677192283114,0.00040373388262185297,0
487,0.000811592333361323,6.993672535120831e-05,0.00017506898524910519,0
488,0.00017467508346689264,0.0007397001109714449,0.000867271835331096,0
489,0.0007120431530546955,0.00019683703396520513,1.0824526039519444e-05,0
490,0.00031109958839038834,4.383325905060742e-07,0.0009370529343746003,0
491,0.0006453763055332711,0.0008575996255481833,0.0006744416743740757,0
492,0.0002658756891967811,0.0006416019169411107,0.0007582973229748389,0
493,0.0006529034715337989,0.0005850906156605551,0.0003799856357063931,0
494,0.00048584992727481125,0.0004776735055794391,0.0005352058331766464,0
495,0.0009046742964309161,0.0009353075853002084,7.054951086857786e-05,0
496,0.0003857185947052455,0.00045922655947147194,0.0007916644865168881,0
497,0.0004607153667500598,0.000644150705927143,0.0009970714687019334,0
498,8.597872509847015e-05,0.0008998688589696869,0.0003318538989962115,0
499,0.00040538167834960426,0.000586842346085914,0.0006449174906533909,0
500,0.00042792512095236255,4.905959553652739e-05,0.0008131573245226736,0
501,0.0007877330422992818,0.0006054319894946413,0.0008932735014155422,0
502,0.0009004738597615674,0.00019815471934664497,0.00025593438355291174,0
503,0.00039493835081799635,0.0009902459900919917,0.00040160686699986637,0
504,0.0007585395968484771,0.00019870442643760768,0.00047071108571235346,0
505,0.0008677523551563905,0.0006280008686226859,0.000762036854363839,0
506,0.00040989916567688944,0.00023897265180322313,0.0009183049830696478,0
507,0.00090707699439273,0.0008424873617197423,0.0003413134547453528,0
508,0.0001976652788477713,0.0002859877012195926,0.00012954487069284515,0
509,0.00011987130197104723,0.0009259144360273595,0.00038317615414701123,0
510,0.0002650412025278596,0.00043781516357339293,0.0009129819068956145,0
511,0.00034349179760092354,0.00022079696660362724,6.5418104449653795e-06,0
512,0.000441701430482206,0.0007910433736362786,0.0009409831440634948,0
513,0.0009747542326551404,0.00034751635881995305,0.0002708779714909647,0
514,0.0007462241002592145,0.0006333437564257425,0.0002850045250826658,0
515,3.616976101082581e-05,0.0005109906655437537,0.0003911013847814522,0
516,0.000543771247714846,0.0002729046137403071,0.0008878998775126993,0
517,0.0005056762101574331,0.0006679594411600314,0.0004669216268721638,0
518,0.00029586877495202835,0.00047496357301174164,0.00021872789208415245,0
519,0.0008740985471865722,0.0002927735616129863,0.00022575134890224247,0
520,0.0007031534198562963,0.0002759435995509266,0.0005684354177175515,0
521,0.00015107207897115295,0.0009035011543539063,0.0006194952464441511,0
522,0.0002105729208319329,0.0003742992658710238,0.00036357854917234435,0
523,0.0006478225697389924,0.0005620667890417313,0.0007291128378128633,0
524,0.0008831488777767378,1.315029028922099e-05,0.0008779433474685347,0
525,0.00021439663056703806,0.0007798101307914964,0.000928894306432043,0
526,0.00047955562898578067,0.0007548216232536254,0.0002774459650261224,0
527,0.0006568372137126228,0.0006047271852743833,0.0006950963558079949,0
528,0.0009301469387272564,0.0005131795339696204,0.0008077386215675414,0
529,0.00028415232633324794,0.0008700318850606196,0.0002768789158760721,0
530,6.103709248964506e-05,0.0007511438009639874,0.0005112788733346719,0
531,0.0006678718808970897,0.00017547914802859888,0.00029893394164655254,0
532,0.000946584501749734,0.0008087520130657881,0.0006158227030058516,0
533,0.0006769616872986709,0.0006253492359103927,0.0006529693974863305,0
534,0.0008305913860447442,0.00022966517270511612,0.00025628552972347063,0
535,0.0001092662345101697,0.0006785510447738606,0.00036313784763858283,0
536,3.0141293246367606e-05,0.0005068887272750081,0.0009879872616757144,0
537,0.0009239944183660342,0.0001942787419327422,0.0005381271041765152,0
538,0.00033739138540034465,0.0009401054397992822,0.0006529427737606344,0
539,0.0006593578805836545,0.000680153050969978,0.0001354774039611857,0
540,0.00020678734906300067,0.0005474319805377659,0.0006713651612271977,0
541,0.00026135786919303925,0.0002915382424953463,0.0008927003487932774,0
542,0.00026031368940532387,0.0004828707099601809,0.0003665612526914046,0
543,0.0004620974927441891,0.000465589899999028,7.800369766395576e-05,0
544,0.00044278843422665285,0.00033117683362213034,3.064363189710895e-05,0
545,0.00016137192192427008,0.0009740597233125345,0.0005781845831773976,0
546,0.0008160421519817235,9.04680812514076e-05,0.0007982011200396979,0
547,0.000756644207026766,0.0002965068467090414,0.0007075342058813065,0
548,0.00034313314112363483,4.170764200727184e-05,0.0007798777009342165,0
549,0.0008129079208806856,6.108422819856685e-06,0.0005798980126974183,0
550,0.00022731026397940525,0.0004874085348977665,1.350084163619969e-05,0
551,0.0008472984419883472,0.0007924410187407831,0.0008290901159895763,0
552,0.0008059093076738841,0.0004638061988102321,0.0008042063375362213,0
553,0.0003027044199891226,0.0008344827126925919,0.0008272098049061271,0
554,0.0002910105846166717,8.679319131299713e-06,0.000142606435951088,0
555,0.0008883394235413291,0.00011228132598009011,0.00020723532411598788,0
556,0.0009213459824147699,0.00045822791276877583,0.0005278508624400105,0
557,0.0002763408391808423,0.00031536474610741863,0.0004968892005206989,0
558,0.0002655112194346746,0.0008772370968675821,0.0006767681527069763,0
559,0.0003457906949770876,0.0003802201867939865,0.00028362619430690605,0
560,0.0009609269522890487,0.000233616093470444,0.0004951930307469081,0
561,0.0002053657489187717,0.0008667252246259933,0.000737146130836119,0
562,0.0005178280632466564,0.00027188269172884904,9.826689444041825e-05,0
563,0.0006531590016070504,0.0008195859583385336,0.0005104677209048494,0
564,0.00047375053983756565,0.00016726833611460824,0.0009984599526999772,0
565,0.0002380890084361348,0.00023798591742941368,0.0003689672013651192,0
566,0.0007875071338681354,0.0006623645488693981,3.3670472981469747e-05,0
567,4.7186562212100935e-05,0.00035709146762980703,0.00042998968395265117,0
568,0.000829296660474793,0.0009869742160096388,8.975417424982813e-05,0
569,6.971428923119993e-05,0.0005799615397651469,0.0003001558811041123,0
570,0.0008139521366716708,0.000394477267753386,0.0003141238481961395,0
571,0.0009388381059939383,0.0009403540315387365,0.0006750390193742531,0
572,0.0004549590392245262,0.0006402476921113029,0.0004770390655535695,0
573,0.0005829990048888362,0.0003320582820637482,6.559867297356781e-05,0
574,0.00024154638953047036,0.0003259750438054673,0.0004220029214800102,0
575,4.701284007500339e-05,0.0001307964526955201,0.0009581078723874574,0
576,0.000996623525257258,0.0009982533722037636,0.0007200026140610145,0
577,0.0003279984209521305,0.0002799572600146626,6.663873871345905e-05,0
578,0.00013898575305427996,0.0004071009714481979,0.00046282446545720644,0
579,0.00010057314580284804,0.00032845222654772976,0.0001247097300115826,0
580,0.00022292986621701684,0.00036654428368905023,0.00021775890834392132,0
581,0.00037449005869549324,0.00012144141482978443,0.0004998144332415926,0
582,0.00014319628167217536,0.0008629634208966162,0.000764232695937125,0
583,0.0004702142929172173,0.00019359471075015313,0.0007104623383280929,0
584,0.0006789623503458042,0.0005235665391220491,0.00086888114563842,0
585,0.0002295028414723457,0.0004949479840463146,0.000619129810267754,0
586,0.00016184062014451295,0.0005045850644491384,0.0008195055607884847,0
587,0.000809940485488878,0.0006181447715020475,0.00026162357119506943,0
588,5.918922905401414e-06,0.0007466390237799718,0.0007622935042361657,0
589,0.0004835496125712719,3.088596101202057e-05,0.0005836038561017695,0
590,0.0006085728814711542,0.0008852319661039371,0.000533757467097381,0
591,9.084313099904784e-05,0.0006864287562267672,0.0005453687475371293,0
592,0.0007640025421813795,0.0009234733010635768,0.000486347355352195,0
593,0.0005402103573288966,0.0002302834055892028,0.0008365261077659394,0
594,0.0007386041542179183,0.00024271252043600635,0.00046512837617877003,0
595,0.0006829417468818095,0.00047725627020894925,0.0004084842827598377,0
596,0.00019135118687193774,0.00061174273118368,0.00030433275467550025,0
597,0.0004123701159554447,0.000623093327879557,0.0002014967358467178,0
598,0.00042475514009180683,0.0008295142429695992,0.00018249357855743654,0
599,0.0006857857869226468,0.00032976763262972,0.0007667311580639352,0
600,0.0005228425309518523,0.00045735930374047305,0.0002026476498969172,0
601,0.0007719441778200682,0.0009459384919151937,8.274964780535077e-05,0
602,0.0005287650776806916,0.00016055649772347546,0.00010850529672746057,0
603,0.0005697041211968044,0.00017456009428685782,0.00036630674770662356,0
604,0.00044184765457064567,0.0005579890714509659,6.539153935981324e-05,0
605,0.0007902251291177379,0.0006254531236249333,0.0009405505475128892,0
606,0.00013153067944919573,0.0007914800191378235,0.0004810031318044023,0
607,0.0009151945354011088,2.1406576414074286e-05,0.000996849506858084,0
608,0.00034074808140555855,0.0009712594198558136,0.0004458519980909538,0
609,0.000628597901687539,0.0009839344625483105,0.0002162084354247782,0
610,0.0002561785837761841,0.0002107526232064796,0.0009453611545059752,0
611,0.00020238914644616745,0.0004979092009446229,0.0007995705651965583,0
612,0.0007695203799346847,0.00014202044280370985,0.0003666416945311195,0
613,0.0006376954312903363,4.503327149759118e-05,0.0006848367904949539,0
614,0.0005692223049808666,0.00047591665071780766,0.00044807723861590445,0
615,0.0006676057826902476,0.00040201017809592376,0.0005974156741003575,0
616,0.0009253871493937472,0.0007163484437796863,0.00036804262327890116,0
617,0.0003806986073042895,1.2451571101058546e-05,0.0008971128616174122,0
618,0.0009920480355593544,0.0009853880277448813,0.0004665424049616328,0
619,0.0005479081916180614,0.00046901630661886354,0.0009735559056445414,0
620,0.00027751863976962956,5.318826927114895e-05,0.0006311127984262851,0
621,0.0009046308637958189,6.284950767083587e-05,0.00019075245110256335,0
622,0.0009004193465549232,2.0780237829587158e-05,0.0005428658177111952,0
623,0.0005814638400838454,0.0009348246237985482,0.0004292092440073123,0
624,0.000780386312363897,0.0004181350394517359,0.00013334496870485947,0
625,0.0009364443392359163,0.0005349060505147069,0.0008846075177039201,0
626,0.00092955435972139,0.0007621998441334103,0.00012577467372467367,0
627,0.0007542634224513235,0.00049811252076745,6.2346969567464e-05,0
628,0.00026359052825694564,0.0005929189538939661,0.00039431712930165476,0
629,0.0003727611682080809,0.0008174079116788587,0.0009407812374632494,0
630,0.000757840309126785,0.00016612060323444356,0.0009883451196547523,0
631,0.0004964315160196213,0.0005918184500845662,0.0005506991394273309,0
632,0.0004909065761353257,0.00010295218387120885,0.0004399750058042503,0
633,0.0007049940259879742,0.00029947746547641873,0.00010516237053568756,0
634,0.0003077489080808267,0.0008269360291740616,0.0007758867881069519,0
635,0.0007940349951193145,0.0006399528624809795,0.00040908398577673165,0
636,0.00016519847931339006,0.000895142824119804,0.0004027539999565737,0
637,0.0009905531850107,0.0004470446050339249,0.00018725970704394957,0
638,0.0005179829541675852,0.0005593380384646158,0.0008244402089472974,0
639,0.00013071107555948802,0.0005070853191779123,0.000886416345430896,0
640,0.00028079138817941896,0.00020448059860592882,0.0003382403298407506,0
641,0.0007939938838961749,0.0007865228665319621,0.0004391958457713101,0
642,0.0009230666334593485,6.332357323771465e-06,0.0009575461969491642,0
643,0.0008772390216594553,0.000617910608894693,7.172671100343864e-05,0
644,0.0007929200552261684,0.00048081995089925333,0.0005126320398500556,0
645,0.0006332006167976709,0.00037264269065101187,0.00029360444202900036,0
646,0.0005618047734633316,0.0008653696520305207,0.000967667347516314,0
647,2.0277519956400258e-05,0.00013126622006912514,0.0009126026856209694,0
648,0.00013689922729904537,0.0004297952665403644,0.0006442534604924169,0
649,0.00020171326039258354,0.0005665224472375783,0.0009999183981519938,0
650,0.0008642806942052083,0.0009602187477766922,0.0007355751976671354,0
651,0.0006769261089470979,0.0007283465810444743,0.0007595438030518998,0
652,1.9997369597592574e-05,0.0005515062694001294,0.000926043825245505,0
653,0.0007650419663902769,0.00014378646306640818,0.0006363594416196773,0
654,0.0005099837605344594,3.0279398596281594e-05,0.0002559753597526956,0
655,0.00022011474554703336,0.0007408887086424211,0.0002895146354868815,0
656,0.0007289701023630731,0.0005740907142415323,0.0004156077186780457,0
657,0.0008713318345201452,9.935397388488965e-05,0.00023098254584917577,0
658,0.0006807292432969242,0.0005053757138522375,0.0007713640822189448,0
659,0.00011441805111831493,0.0009583155500554607,0.0006558932358966258,0
660,0.0004696404408478343,0.0006018187195787994,0.00023688477042252277,0
661,0.0007433912346012143,0.0005167059932066888,0.00025155211947168644,0
662,0.0008604065748636922,0.0005492175380918026,0.0007455164225470151,0
663,0.0009982621267943536,0.0006827243364278798,0.0009515515300161128,0
664,0.0006975891306763955,0.0006741980023164422,0.00041162730470547507,0
665,0.00026953344685980873,5.566327443020336e-05,0.000539373458389093,0
666,0.0005651052039161186,0.0003088953194761468,0.0009640077321063026,0
667,0.0002930400043267523,0.0005774862744709416,0.00045355643479781383,0
668,0.0009106315292843033,0.0005841928777427011,0.0007652191882988296,0
669,7.589089371504509e-05,0.00035996394429283607,0.0003512405328550201,0
670,0.000643344181515875,9.656890000525453e-05,0.0006454867192135752,0
671,0.00047466097148624877,0.0006185686622437805,0.0009957367988351964,0
672,8.041194186139455e-05,0.00018945430777766293,0.0006050811314774807,0
673,0.0009660496654821995,0.0008928509579137315,0.0007958746978042919,0
674,0.0007905636674993986,0.0006880118117798613,0.0002462723413408001,0
675,7.875007256384482e-05,0.0006690249889243189,0.000752320328957568,0
676,0.00042052845885700543,0.0007165915769480113,0.00016789400149406098,0
677,0.0004449747551494322,0.0007558530296683879,2.9544250887826197e-05,0
678,0.000726034809824549,9.460982211302726e-05,0.0005047261102226027,0
679,0.0008270699935925155,0.00023076651494511612,0.0008232927968526919,0
680,0.000835542585492312,0.0006227187003615026,0.0006899564472466052,0
681,0.00023430235322453296,0.000700986489265664,0.0005976568682237845,0
682,0.000870650326754127,0.0006557977969808139,0.00042123817481802984,0
683,2.355813091230452e-05,0.00046613164849331645,0.000615866688358031,0
684,0.0008277635720950927,8.274496587000092e-05,0.0007866643344141335,0
685,0.0004058104723516769,0.0008627070765993628,0.0008872391808838427,0
686,0.0006477166823850019,0.0009370757240807203,0.0008807666907547876,0
687,0.0003336604305254458,0.0007335425392197514,5.633526586098059e-05,0
688,0.00033297270390319236,0.00029381960420272855,0.000579373080938655,0
689,0.0007614052926652813,0.0008557864361899056,0.00016075232659842453,0
690,0.0008503620903671152,0.000669231086368646,0.0008155853740052393,0
691,0.0005955276719262209,0.00045420514561032887,0.0004960614644146414,0
692,0.0006786193820254156,0.0005303520142159062,0.00012976677793513647,0
693,0.0005317371351012824,0.0007463348840774141,0.00043180925039274746,0
694,0.0004440588931856189,0.0005667486788198105,0.000699490379540897,0
695,0.00013645785208852657,0.0004917922068866154,0.0006336891659727985,0
696,0.0007281372125915948,0.0007828922316070672,0.0005260881118055831,0
697,0.0007651466021818697,0.0008178423525738494,6.90316100224263e-05,0
698,0.0005363046780386889,0.00019214368932329994,0.0003389650045670264,0
699,0.0005573745554594057,0.0005219970963645215,8.530106131327098e-06,0
700,0.00034563729610524784,0.0009316252636280118,0.0001506692445831579,0
701,0.0006530959383947444,0.0005724768130575594,0.0005682813834219023,0
702,0.00018751269992431485,0.00011975175194639809,0.00038966963523959165,0
703,0.0003878337720548766,0.0009453605895665612,0.0002450047088152105,0
704,0.000708980556676432,0.0009961165412965868,0.0008635620439317529,0
705,0.00044623625278445567,0.0005442028010556535,0.0009231092798841867,0
706,0.00029568910681089034,0.0006685102422074818,0.000603195236111435,0
707,0.000980937896252844,0.0005746249646336939,0.00028753911345653384,0
708,0.0005748819690747595,0.0008538020529232031,7.106685316827688e-05,0
709,0.00025909362138665395,0.0006752507068462145,0.00027108980524233675,0
710,0.0007158400551383681,0.0004611677930896221,0.000565137543089934,0
711,0.0006064346272520414,4.5105292846250426e-05,0.0006655916010427416,0
712,0.00041673496905306765,0.00023226730292417276,0.0005041065881691748,0
713,7.228436877993771e-05,0.00033646694086163676,0.00016482517148838383,0
714,0.0007132651919447676,5.082635539365909e-05,7.816429799461811e-05,0
715,0.0008633922527093943,0.00012287522832705978,0.000754303384698444,0
716,0.0004431781495494528,0.00019110216941021753,0.00024179315761538666,0
717,0.0006635856150779629,0.0006396163729066769,0.00036047479934982494,0
718,7.636719200528652e-05,0.00031521701814715697,0.0009307737861857885,0
719,0.0008769869424584343,9.867217567289788e-05,0.0005581437713857928,0
720,0.0007800259306437336,9.290276766434625e-05,0.0006955442322438921,0
721,0.0005499730351876242,0.0007324651892758538,0.0007528579008195109,0
722,0.0006014168227691451,0.00035666854232999226,0.0004519991544716112,0
723,0.0002481830681128404,0.0009004062540839273,1.1893180123800028e-05,0
724,0.0006724660353312357,0.0009914442373977945,0.0007259592086235001,0
725,0.0006808289518046984,0.0008658364700246337,0.0009560118168036865,0
726,0.0009846791031381606,7.081504856660692e-05,0.00031065821028951747,0
727,0.0003345159527678081,8.50171452086399e-05,0.0006049768232805734,0
728,0.000373614541319138,0.0009552998404057068,0.0008809202829885959,0
729,0.0006123450668039573,5.0625425568310515e-05,7.657930485081022e-05,0
730,6.20077781062005e-05,0.0005264319535391426,0.0003586244451901494,0
731,3.488492769134999e-05,0.0007266246344160645,0.0004001907981464573,0
732,0.0007069572811294097,0.000832123964173304,0.00045526570568655314,0
733,0.0006041500059435191,3.21225560984435e-05,0.00023323411103968116,0
734,0.0001979113223607617,0.00031486608944470806,0.000332699912839305,0
735,0.00016607375110658395,0.0004713370921000231,0.000737975611095833,0
736,0.0001838926326568805,0.0007932042746224591,0.0006758061373044654,0
737,0.0003330837934482097,6.906189701528465e-05,0.0009627114769585744,0
738,0.0009729721275010409,0.0008193496240355005,0.0006417766153532812,0
739,0.0008330124390193291,0.00012209958315476878,0.0004818624449030935,0
740,0.0002008834194509267,0.0008212001672631324,0.0005353257921318313,0
741,0.000874098008930026,0.0005498655196387178,0.0007506341125990577,0
742,0.0006695805155045437,0.0008505556196346833,0.0008753757900551753,0
743,0.0007730456781381963,0.0006385553640667594,0.00020658226052667838,0
744,0.0005625021920855313,0.0006531840021461167,0.00014332911343021892,0
745,0.0008656881329449942,0.0006236101507675768,2.869523569326604e-05,0
746,0.0009947122585272188,0.0007983035731024758,0.0002405641534515265,0
747,0.0008431190176087963,0.0009890579333260495,0.0004285956056310523,0
748,0.000505098103827713,0.00045135203641110777,0.0008479468523414325,0
749,0.0007087702608267394,0.0008545171526831694,0.0003579708157016405,0
750,0.0009186681701101787,0.000633612372380612,0.0007848514238792268,0
751,0.00011507658996319415,0.0004971527160868032,1.0779295784575482e-05,0
752,0.00024434554416690693,0.00010380241637434674,0.0005207750972188986,0
753,0.0005059312338709499,0.0007304870564053347,4.100803595467162e-06,0
754,0.00022643203508032527,0.0008161926618198906,0.0007685099878987964,0
755,0.0004860936490627159,2.3254779068259013e-05,0.0008809913282959666,0
756,0.0003565610351694022,0.0008951626651643986,0.0004824143901344189,0
757,0.000517472930981591,0.00047135368338158557,0.0008068914247756311,0
758,0.0007340693764068691,0.0005636108956277462,7.835126332346698e-05,0
759,0.0004107586360070757,0.000474308334658176,0.000646988588829949,0
760,0.00045777976989792,0.0006362171013233443,0.000227296895750146,0
761,0.00043490983543417207,6.549592626956424e-06,0.0009543606392138102,0
762,0.00027865444537021746,0.0006876686544492972,0.0005749532147197255,0
763,0.0003708352297973243,0.0009178664427910328,0.000944547268048759,0
764,0.0008638451454475582,0.00020936181245405773,0.0003819433307238235,0
765,0.0006780800746293381,0.0006338644876530143,0.00010199889844901322,0
766,0.0005577595602921175,0.00027865163894073055,0.0003518120087371163,0
767,0.0006521628240030264,0.0006589498943571356,4.510599588067477e-05,0
768,0.0006419944745918152,0.0006876023108265941,6.826280112766536e-05,0
769,0.000789302684734433,0.0007909824792235873,2.986917658138355e-05,0
770,0.00046027550252924864,0.000279642452156043,0.00032755653575412857,0
771,0.0001268475256518288,0.0006710952186325265,0.00028837199281708846,0
772,0.0006205633168409183,5.233871480140473e-05,0.0005397370544313411,0
773,0.000701777277024298,0.00036749106192205717,0.0006531647264079987,0
774,0.0004232557110487133,0.0008587222762280702,0.00017068732940629438,0
775,0.0004997819715461097,0.0008285608418480937,0.0004211741078196386,0
776,0.0009514879209154535,0.0009436859114170102,0.0006860532169205391,0
777,0.00032731179492602425,4.940949680350781e-05,0.0003849772761307854,0
778,0.0005744624818589883,0.0009009494329021362,1.3635884585927349e-05,0
779,0.0005588323062315226,0.0007867469897401758,0.0007159265711480303,0
780,0.0008928096567461247,0.0006103628224514576,0.0006045712939395667,0
781,0.00024113947252349732,0.00014225126468408244,0.0002738751516962651,0
782,0.00039686331762281435,8.510186296882094e-05,0.0009774046990103902,0
783,0.000998519095252685,0.00018673057429517193,0.0008545466088725075,0
784,0.0008448135776587703,0.0006131485999279781,0.000934721089400598,0
785,0.00035232337005136583,0.0005914356174726664,0.0006985393990711617,0
786,7.660125008520924e-05,5.630987855472136e-05,0.0001234879168772597,0
787,0.0006661068144346285,0.0008879599321920933,0.0007478057878313242,0
788,0.0005054862772691019,0.0003471796179065946,0.0008553992674290155,0
789,0.00046301718321342113,0.0009323484436606583,0.0009709956078147214,0
790,0.0007089778331909406,2.7507574357032884e-05,0.0008090203618872849,0
791,2.9610089592686297e-05,0.0009319632081536035,0.00043345792657533745,0
792,0.00037244848418984034,0.0001487214940320607,0.0005699474015326101,0
793,0.00032181157117997216,0.0006473188041610647,0.00012414695275288424,0
794,0.000488366517851448,0.0006296843923738885,0.00024852468903547133,0
795,0.0009540296095003948,0.0006996259314894577,0.0009609747672914193,0
796,0.0006642898437299702,0.00021162280263823497,4.723749383768694e-05,0
797,0.00037377143252793275,0.0009820940195281102,0.0007802876657188701,0
798,0.00016592586922384978,0.0005194976905593607,0.0009718031100008125,0
799,0.00043929792007220425,0.0008156709644297707,0.000941193081817783,0
800,0.0008709293734509599,0.0006665633775778442,0.0008310403734838059,0
801,0.00018008346172414502,0.0005267836596551574,0.00041516528045761004,0
802,0.0002491594352327707,0.0007116102365709877,0.0007131572794591448,0
803,0.0005232905112759865,0.0005998502716008247,0.0003278412406430136,0
804,0.0008430114031195106,0.0005645676336773632,0.00063819355590321,0
805,0.0008388890516547769,0.0006269882824267558,0.0001897859942606972,0
806,0.0004536828219028597,0.0004587121827368642,0.0003534827449080056,0
807,0.0004392702338046315,0.000831910524307175,0.00035512636096115126,0
808,0.0008871706548353057,0.0008250009855302105,0.0007838478948843709,0
809,0.0009755992777314864,0.0005142337892447215,0.0004691429459251054,0
810,4.9252687034773814e-05,0.0005565132008422726,0.0009962604340414604,0
811,0.0008878340135939734,0.00020154665431782582,0.0007393622077391837,0
812,0.0006227058464590899,0.0009747642787661841,0.0003723888456000785,0
813,5.814653322938168e-05,0.0005001410396716456,0.0009919371566821959,0
814,0.0009247307458074562,0.00027434338682356675,0.00043457607038978064,0
815,2.5295311119891363e-05,0.0006050224345042471,0.0008441533320593129,0
816,0.0008404641994189413,0.00016153936026947757,0.0005729686699178478,0
817,0.0004247640405687377,0.0003486998688495783,0.0006760181374049712,0
818,0.0003284043463678129,0.0008194458607143315,0.0009235063003336265,0
819,0.00026760539652930095,0.0008341572471179509,0.0005471331809042825,0
820,0.0006955355773170477,0.00030484629182623527,4.7925542475708125e-05,0
821,0.0009277533202437671,0.0003045592491057064,0.0004932241833277902,0
822,0.00015218769905725726,0.0004229100821303209,0.0007110589258931649,0
823,0.000485905677319018,0.00041292520080235973,0.00028381925739040347,0
824,0.00032556062974167365,0.00013932638734914137,0.0003093497203421054,0
825,0.00034786615836437983,0.0002590291944446723,0.0001830067073808539,0
826,0.0006525526282880551,0.00017904612508109496,0.00017372641769058928,0
827,0.0002559379998513571,0.000946081240179792,0.00030042494473710027,0
828,0.00085877352287724,0.00030153412068987216,0.00016183701808669237,0
829,0.00018121677399373937,0.0001497245347663746,0.0001287690599401301,0
830,0.0003205916959574994,0.0006262485858513115,0.00013641046770613186,0
831,0.0007036185115485344,0.0004899196966157383,0.0006778018075370705,0
832,0.000647927936593371,0.00037730274958507705,0.0007139036010527091,0
833,0.0004092219517543403,0.000569198873750612,0.00018045965438123334,0
834,0.00043112748301181724,0.00023500255660520786,0.00026589115872457627,0
835,0.0002460571380976743,0.00022598371543887152,0.00023559413920229777,0
836,0.0005266379557141149,0.0007276833659450469,0.0008538196964487272,0
837,0.00026337590437572914,0.0005738672215891417,0.0002373244866919706,0
838,0.00026060975121441985,0.0008931728989725095,8.958109942642622e-05,0
839,0.0001023887731759543,0.0009626347806805805,0.0003785107124671713,0
840,0.00010556643415529455,0.00041709653484716313,0.0007902705215248741,0
841,0.0009792603651157855,0.0003824385526362206,0.0007058557054364885,0
842,0.0009225897490952652,0.0006732080911587785,0.0005512886713071679,0
843,0.0002814585009676104,0.0006742328768975435,0.0002749863691218497,0
844,0.0001700871821430946,0.00018407592987733425,0.0003170719218935035,0
845,0.0005110842893848885,0.000976306661196684,0.0007477649235599554,0
846,1.948551020711131e-05,0.0004421892123851936,0.00037202856158471075,0
847,0.00033964206968773694,0.0003928286505333359,0.0005980463819933102,0
848,0.00037566235256528634,0.000830415676668099,3.4940719535113574e-05,0
849,0.0009611434700797926,0.000561409552347858,0.000934167163740911,0
850,0.0009636155500647755,0.0005085711550076793,0.000553336279822723,0
851,0.0009068961987525304,0.0007968730282282988,0.00021431704243007332,0
852,0.00010280737731243639,0.0007950037673690049,0.0005517665610347913,0
853,0.0006635818860506649,0.000385280400729909,0.000965896119770648,0
854,2.5540104371992168e-05,0.00043196339963155083,0.00045017537314674026,0
855,0.0009950737116069684,0.0009703596111647193,5.100458410914499e-05,0
856,0.0007454064297021528,0.000880516402967532,0.0009928766580786438,0
857,0.0003981538511782742,0.00047403063565121196,0.00020210743181568093,0
858,0.0006356835072585613,0.0003827316891428396,3.910115044172613e-05,0
859,0.0009435096585750397,0.000842236364300124,0.00023388917898165064,0
860,0.0005119228626882009,0.0004655574656269472,0.000928964014203616,0
861,1.7846242909511645e-06,3.645062623064055e-05,0.0006990592339756356,0
862,0.0007907672872050904,0.000913973618532098,0.0003515442011123886,0
863,0.0003824085955460528,0.0004373957984721486,0.000906268441630378,0
864,0.000514058675527157,0.0002661058004469956,0.0004494393538947795,0
865,0.0004575013197045872,0.0001936416215120701,0.00034132302775442667,0
866,8.662995826598519e-05,0.000763312510901766,0.0009621748777093545,0
867,0.00037681968716599346,0.0007156259275096133,0.0005517597762401804,0
868,3.232916015235865e-05,0.0004287681277765072,0.0002983900137611738,0
869,0.0006962180299038555,0.00032694442003362026,0.0003181606126006815,0
870,0.0006288313850690878,0.0005750943412027117,0.00017610375795476464,0
871,0.0009954359477242717,0.0005982479615589957,0.0003808675338479212,0
872,0.0007218565984838436,0.0006469516874395984,3.719249906181121e-05,0
873,0.0008706621138060583,0.0002464157067428072,0.0009344455342180946,0
874,0.000281368840991851,0.0008646753889804079,0.00033246066941055495,0
875,0.000522579911662195,2.0158807377430034e-05,0.0003973620717754948,0
876,0.0005061316890404464,0.0006637782834985149,0.0009696339573645497,0
877,0.0007810924569742603,6.966767196056333e-05,0.00041919592997683564,0
878,2.791345180013405e-05,0.0009711740131668001,0.00028347629959918407,0
879,0.0003658268144878607,0.00017941350745477415,0.0004089974707165498,0
880,0.0004348134026762368,3.8522841607678494e-05,0.0005958059602001221,0
881,0.00012931530211715382,0.0002542742634930578,0.0004526672601360463,0
882,0.0008983075694493154,0.0004003552731901029,0.000277716085579213,0
883,0.00033663054457010747,0.0007951615878476192,0.0007229039975930914,0
884,0.00038009812614820196,0.0007110108419719065,0.0005851467507058768,0
885,0.0007067559937286983,0.0009473179565149759,0.0009399183272078947,0
886,0.0009788998301503355,0.0001413611199660908,0.0008684571352768602,0
887,0.0008720559042656702,0.0009074631680511229,0.00013617104697446702,0
888,0.0009186357348794925,0.0006749481245272404,0.00039962995926009516,0
889,0.0003482739875079188,0.0009982112420058038,0.0002770232592556342,0
890,0.0004925660185249408,0.00024395324885335314,0.0009269918797460657,0
891,0.0002663371101248825,0.0006285354189347911,0.00015945970928076458,0
892,9.001281738209211e-05,0.0005355824942211128,0.0003387035022475459,0
893,0.000589668285380004,3.5028814629262326e-05,0.00044501790727425873,0
894,0.0009126691745289675,0.0009964105382157225,4.813650268755454e-05,0
895,0.0003275639283291273,0.00040238473044097945,0.0001786809220033242,0
896,0.0008314508895585651,8.96438956492196e-05,0.0008634258104242303,0
897,0.0009726461208243031,0.0005269564083107177,0.00013655260041852603,0
898,0.0008281649883875976,0.00027407175741839984,0.0002713807456840526,0
899,0.0008693333968137482,0.0009774587492387987,0.0006614940640259677,0
900,0.0007788624761074353,0.0005602444362716763,0.0007687997656575559,0
901,0.00027535738970018163,0.00028279882388118117,0.000524372626571391,0
902,0.0008675807048481106,0.0006857504157016254,0.0004947016290559434,0
903,0.0003918322857988224,0.0004309993776614949,0.0005057809865896202,0
904,0.0004025455203550158,5.342916812442844e-05,0.0005096125341511415,0
905,0.0009952607290586138,0.0008128126722278427,0.0007999183503493289,0
906,0.0007075852837092683,0.0006364277713422345,0.0005486839923242496,0
907,0.00021315824233738602,0.0004312337600167775,0.0008348265580606911,0
908,0.0007346794750954962,0.0009597620987809875,7.852373657204592e-06,0
909,0.00028229980853480965,0.0009270416295412014,0.0007631087355204733,0
910,0.0003885181585485009,8.314712152567583e-05,0.0005697274117190974,0
911,2.3004839922866616e-06,0.0006417185761283131,0.0008597044039607227,0
912,0.0008834341652359836,0.0006761613078150161,0.0002606192102297066,0
913,0.0008690988949129966,0.0005631987964804473,0.00041568131985134663,0
914,0.0006799086092514612,0.00010051117930322717,0.0009671310285696457,0
915,0.0007358059180182172,3.0396180388707395e-05,0.000251921877884575,0
916,1.0519546751551645e-05,0.0001517161553479276,0.0008548233075821239,0
917,0.00028858063281774436,0.0006513054233007819,0.0008538945442714501,0
918,0.000560567518605428,0.0001454666502378219,4.853633818258341e-05,0
919,0.00024151923077155658,0.0009457535272967856,0.000372967387636755,0
920,0.0002708356098186139,0.0009950845823093386,0.0003555231249834705,0
921,0.00046175361259906633,0.0009621077458331775,0.00041158665276184005,0
922,0.0009970905577123715,0.0006713372399741545,0.0005692428244200552,0
923,0.00035502256382046474,0.0001520220001058431,0.0005402537609317808,0
924,0.0005175794041304302,0.0009407753693965022,0.0006049927080042151,0
925,0.0008382855785482617,0.0009732295848088484,0.0009464369551176038,0
926,0.0006192042492401265,0.0004433975854854208,0.0009168481515698937,0
927,0.0005584104858015795,0.0005736530712388205,0.0005462348748689672,0
928,0.0008259319554142849,5.885170711684373e-05,0.0003447286690778607,0
929,0.0007121603386960505,0.0007145146169777148,0.0004915517645513616,0
930,0.00036063193002828776,0.0007534268783046832,0.0007546931287068199,0
931,0.0008007224675400187,0.0008683816833707026,0.0009492042164853231,0
932,0.00069871982921535,0.00029243564679332746,0.00019415735299839265,0
933,0.00037184242054864457,0.0008577269997638936,0.000893589846687402,0
934,0.0005726760250915353,0.0004627237216648208,0.0005636740321866996,0
935,0.0007728188730798428,0.0007119131710180532,0.0009775006572007741,0
936,0.00013903801071006206,0.0009258420650889216,0.0008290509708623881,0
937,0.0008395289180384865,0.00026659558227124734,0.0009007801404312826,0
938,2.2537877237921e-05,0.0009096350932971139,0.0005260344258783628,0
939,0.0001740521731020176,0.00036606848950114756,0.0006806581064258422,0
940,0.0006836951616962138,0.0005009732303638574,0.0002926091476176135,0
941,0.0008576638047432355,0.0009638641366569696,0.00032601765924160565,0
942,1.5760054051550567e-05,0.00026068222459746425,0.0006958444285868709,0
943,0.0006992480066383153,0.0006194120185495131,0.0003253878138699117,0
944,9.38322066572842e-05,0.0007514958099701046,0.0005261643181139456,0
945,0.0003604654177779737,0.0009969038872920328,0.00018590933354920824,0
946,4.988079702847348e-05,0.0008318872464879829,0.0003322144961627058,0
947,0.00019130109236804415,0.0007199396654711735,0.0007226426745756035,0
948,0.00017533176368047387,3.970330000861422e-05,0.00042543347096654914,0
949,0.00044780971995413366,0.0009749020195605923,0.0008760574926686183,0
950,5.446984850911696e-05,0.00021800017024208173,0.0007593313209683408,0
951,0.0007276316285931655,0.00014667802072020842,7.602980873446552e-05,0
952,0.0004188420175171448,0.0009888947572028724,0.0003129653042719043,0
953,0.0006947127405656678,7.778931933655131e-05,0.00019383310132880293,0
954,0.0004198841177371681,0.0006099733101825258,0.0009013367448174075,0
955,0.0008449784036414534,0.0003556259864727377,0.00014149691008311617,0
956,0.0007040501927394244,0.00015262666832426987,0.0006243065079293662,0
957,0.000521286405241288,0.0006906209151393011,0.0009729588263579339,0
958,1.4742913467253316e-05,0.00020350968354792786,0.00029872991770244574,0
959,0.0004502117378888464,0.0008724433232742267,8.287484848328309e-07,0
960,0.0008838258389046753,0.0002288885013193911,0.0001638520949451734,0
961,0.0005163983699537953,0.0002518954360848105,0.0005233151432851796,0
962,0.0005115014513224911,0.000570834722463553,5.619123894251854e-05,0
963,0.00011137640959738738,2.50042396953688e-05,0.0009147301811019008,0
964,0.0005427579608837547,0.0008102402952533541,0.00046129600629921797,0
965,0.0007160484835432851,0.0008664872452161053,0.0008137446195156557,0
966,0.000869920904037273,0.0006955638482518511,0.0003731760302291189,0
967,0.0009018128616533991,0.0007079037885634681,0.0003477135447229419,0
968,0.0005822931132803333,0.0008476467848543931,0.00035449213718741234,0
969,0.000748825631805885,0.0001843155070325716,0.0007408834277540325,0
970,0.0009316681618626301,0.00035093582523736946,0.0005468990003826021,0
971,0.0009641463944358074,0.0007684603109552013,0.00033379667174664916,0
972,0.0005365212235969054,0.00035641913949229143,0.00027481161727259276,0
973,0.00045792915064280903,9.628638996121353e-05,0.0005181313412761964,0
974,0.0009044931591942146,0.0007596102262482702,0.0008655338706948017,0
975,0.0006084910235682158,0.0006130472943497083,2.634994509046318e-05,0
976,0.0006742714445186695,0.0007782668026431667,5.909279481854945e-05,0
977,0.0008077137877402048,0.0004845786609237207,2.08518382653371e-05,0
978,9.736771107934561e-05,0.0007295233517774141,0.000485486177715578,0
979,0.00031584583596157913,0.00042498911812684036,6.402918504338584e-05,0
980,6.473963037265318e-05,0.0009917139089307997,0.00032080428397060647,0
981,0.000370181378268141,0.00016195909785534802,0.0002940749530136384,0
982,0.00028407835852959864,0.0007610589349499293,0.0003715572495620755,0
983,0.0009874169282651575,0.0008060743417421512,4.0599465388643674e-05,0
984,0.00022924992054040006,8.041538896121447e-05,0.00016525178862953393,0
985,0.0004085990755082526,0.00036748968246487967,0.0008046977505822005,0
986,0.00010514253897923798,0.0008891226429536386,0.00033179428536433996,0
987,0.00039085506299890537,0.000510222948051215,0.0004990290938224655,0
988,0.0006867993439319491,0.0009928751074411058,0.00040175823484376715,0
989,0.0005633081971119923,0.0009854945048223915,9.80221462367834e-05,0
990,0.0005782121382352137,0.0006466429307584291,0.0004539011373331584,0
991,0.0004462126273432005,0.00011053993927058181,0.0006670292820122911,0
992,0.0005963895998678562,0.0004893830958239252,0.0009370521094074394,0
993,0.0006356876136029626,0.00098357579589544,0.0009504523810288331,0
994,0.0007316435343375221,0.0007336102134302467,0.00021880045468053723,0
995,0.0009439606535399262,0.00040692269667027945,0.00010939198741482458,0
996,0.0007933718261116854,0.0007472911773210213,0.00021303150852727704,0
997,0.0008153408097050588,0.0001888422361603911,0.0006353859629110435,0
998,4.478864168610386e-05,0.00022578032691263295,0.00028379275881388444,0
999,0.0004466090914451917,0.0009691825774042745,0.0004753816662910322,0
